use c1021g1_sprint_1;
insert customer_type value 
(1,"Diamond"),
(2,"Gold"),
(3,"Vip"),
(4,"Normal");

insert countries value 
(   1   ,   "Afghanistan" )   ,
(   2   ,   "Albania" )   ,
(   3   ,   "Algeria" )   ,
(   4   ,   "American Samoa"  )   ,
(   5   ,   "Andorra" )   ,
(   6   ,   "Angola"  )   ,
(   7   ,   "Anguilla"    )   ,
(   8   ,   "Antarctica"  )   ,
(   9   ,   "Antigua and Barbuda" )   ,
(   10  ,   "Argentina"   )   ,
(   11  ,   "Armenia" )   ,
(   12  ,   "Aruba"   )   ,
(   13  ,   "Australia"   )   ,
(   14  ,   "Austria" )   ,
(   15  ,   "Azerbaijan"  )   ,
(   16  ,   "Bahamas (the)"   )   ,
(   17  ,   "Bahrain" )   ,
(   18  ,   "Bangladesh"  )   ,
(   19  ,   "Barbados"    )   ,
(   20  ,   "Belarus" )   ,
(   21  ,   "Belgium" )   ,
(   22  ,   "Belize"  )   ,
(   23  ,   "Benin"   )   ,
(   24  ,   "Bermuda" )   ,
(   25  ,   "Bhutan"  )   ,
(   26  ,   "Bolivia (Plurinational State of)"    )   ,
(   27  ,   "Bonaire Sint Eustatius and Saba" )   ,
(   28  ,   "Bosnia and Herzegovina"  )   ,
(   29  ,   "Botswana"    )   ,
(   30  ,   "Bouvet Island"   )   ,
(   31  ,   "Brazil"  )   ,
(   32  ,   "British Indian Ocean Territory (the)"    )   ,
(   33  ,   "Brunei Darussalam"   )   ,
(   34  ,   "Bulgaria"    )   ,
(   35  ,   "Burkina Faso"    )   ,
(   36  ,   "Burundi" )   ,
(   37  ,   "Cabo Verde"  )   ,
(   38  ,   "Cambodia"    )   ,
(   39  ,   "Cameroon"    )   ,
(   40  ,   "Canada"  )   ,
(   41  ,   "Cayman Islands (the)"    )   ,
(   42  ,   "Central African Republic (the)"  )   ,
(   43  ,   "Chad"    )   ,
(   44  ,   "Chile"   )   ,
(   45  ,   "China"   )   ,
(   46  ,   "Christmas Island"    )   ,
(   47  ,   "Cocos (Keeling) Islands (the)"   )   ,
(   48  ,   "Colombia"    )   ,
(   49  ,   "Comoros (the)"   )   ,
(   50  ,   "Congo (the Democratic Republic of the)"  )   ,
(   51  ,   "Congo (the)" )   ,
(   52  ,   "Cook Islands (the)"  )   ,
(   53  ,   "Costa Rica"  )   ,
(   54  ,   "Croatia" )   ,
(   55  ,   "Cuba"    )   ,
(   56  ,   "Curaçao"    )   ,
(   57  ,   "Cyprus"  )   ,
(   58  ,   "Czechia" )   ,
(   59  ,   "Côte d'Ivoire"  )   ,
(   60  ,   "Denmark" )   ,
(   61  ,   "Djibouti"    )   ,
(   62  ,   "Dominica"    )   ,
(   63  ,   "Dominican Republic (the)"    )   ,
(   64  ,   "Ecuador" )   ,
(   65  ,   "Egypt"   )   ,
(   66  ,   "El Salvador" )   ,
(   67  ,   "Equatorial Guinea"   )   ,
(   68  ,   "Eritrea" )   ,
(   69  ,   "Estonia" )   ,
(   70  ,   "Eswatini"    )   ,
(   71  ,   "Ethiopia"    )   ,
(   72  ,   "Falkland Islands (the) [Malvinas]"   )   ,
(   73  ,   "Faroe Islands (the)" )   ,
(   74  ,   "Fiji"    )   ,
(   75  ,   "Finland" )   ,
(   76  ,   "France"  )   ,
(   77  ,   "French Guiana"   )   ,
(   78  ,   "French Polynesia"    )   ,
(   79  ,   "French Southern Territories (the)"   )   ,
(   80  ,   "Gabon"   )   ,
(   81  ,   "Gambia (the)"    )   ,
(   82  ,   "Georgia" )   ,
(   83  ,   "Germany" )   ,
(   84  ,   "Ghana"   )   ,
(   85  ,   "Gibraltar"   )   ,
(   86  ,   "Greece"  )   ,
(   87  ,   "Greenland"   )   ,
(   88  ,   "Grenada" )   ,
(   89  ,   "Guadeloupe"  )   ,
(   90  ,   "Guam"    )   ,
(   91  ,   "Guatemala"   )   ,
(   92  ,   "Guernsey"    )   ,
(   93  ,   "Guinea"  )   ,
(   94  ,   "Guinea-Bissau"   )   ,
(   95  ,   "Guyana"  )   ,
(   96  ,   "Haiti"   )   ,
(   97  ,   "Heard Island and McDonald Islands"   )   ,
(   98  ,   "Holy See (the)"  )   ,
(   99  ,   "Honduras"    )   ,
(   100 ,   "Hong Kong"   )   ,
(   101 ,   "Hungary" )   ,
(   102 ,   "Iceland" )   ,
(   103 ,   "India"   )   ,
(   104 ,   "Indonesia"   )   ,
(   105 ,   "Iran (Islamic Republic of)"  )   ,
(   106 ,   "Iraq"    )   ,
(   107 ,   "Ireland" )   ,
(   108 ,   "Isle of Man" )   ,
(   109 ,   "Israel"  )   ,
(   110 ,   "Italy"   )   ,
(   111 ,   "Jamaica" )   ,
(   112 ,   "Japan"   )   ,
(   113 ,   "Jersey"  )   ,
(   114 ,   "Jordan"  )   ,
(   115 ,   "Kazakhstan"  )   ,
(   116 ,   "Kenya"   )   ,
(   117 ,   "Kiribati"    )   ,
(   118 ,   "Korea (the Democratic People's Republic of)" )   ,
(   119 ,   "Korea (the Republic of)" )   ,
(   120 ,   "Kuwait"  )   ,
(   121 ,   "Kyrgyzstan"  )   ,
(   122 ,   "Lao People's Democratic Republic (the)"  )   ,
(   123 ,   "Latvia"  )   ,
(   124 ,   "Lebanon" )   ,
(   125 ,   "Lesotho" )   ,
(   126 ,   "Liberia" )   ,
(   127 ,   "Libya"   )   ,
(   128 ,   "Liechtenstein"   )   ,
(   129 ,   "Lithuania"   )   ,
(   130 ,   "Luxembourg"  )   ,
(   131 ,   "Macao"   )   ,
(   132 ,   "Madagascar"  )   ,
(   133 ,   "Malawi"  )   ,
(   134 ,   "Malaysia"    )   ,
(   135 ,   "Maldives"    )   ,
(   136 ,   "Mali"    )   ,
(   137 ,   "Malta"   )   ,
(   138 ,   "Marshall Islands (the)"  )   ,
(   139 ,   "Martinique"  )   ,
(   140 ,   "Mauritania"  )   ,
(   141 ,   "Mauritius"   )   ,
(   142 ,   "Mayotte" )   ,
(   143 ,   "Mexico"  )   ,
(   144 ,   "Micronesia (Federated States of)"    )   ,
(   145 ,   "Moldova (the Republic of)"   )   ,
(   146 ,   "Monaco"  )   ,
(   147 ,   "Mongolia"    )   ,
(   148 ,   "Montenegro"  )   ,
(   149 ,   "Montserrat"  )   ,
(   150 ,   "Morocco" )   ,
(   151 ,   "Mozambique"  )   ,
(   152 ,   "Myanmar" )   ,
(   153 ,   "Namibia" )   ,
(   154 ,   "Nauru"   )   ,
(   155 ,   "Nepal"   )   ,
(   156 ,   "Netherlands (the)"   )   ,
(   157 ,   "New Caledonia"   )   ,
(   158 ,   "New Zealand" )   ,
(   159 ,   "Nicaragua"   )   ,
(   160 ,   "Niger (the)" )   ,
(   161 ,   "Nigeria" )   ,
(   162 ,   "Niue"    )   ,
(   163 ,   "Norfolk Island"  )   ,
(   164 ,   "Northern Mariana Islands (the)"  )   ,
(   165 ,   "Norway"  )   ,
(   166 ,   "Oman"    )   ,
(   167 ,   "Pakistan"    )   ,
(   168 ,   "Palau"   )   ,
(   169 ,   "Palestine State of"  )   ,
(   170 ,   "Panama"  )   ,
(   171 ,   "Papua New Guinea"    )   ,
(   172 ,   "Paraguay"    )   ,
(   173 ,   "Peru"    )   ,
(   174 ,   "Philippines (the)"   )   ,
(   175 ,   "Pitcairn"    )   ,
(   176 ,   "Poland"  )   ,
(   177 ,   "Portugal"    )   ,
(   178 ,   "Puerto Rico" )   ,
(   179 ,   "Qatar"   )   ,
(   180 ,   "Republic of North Macedonia" )   ,
(   181 ,   "Romania" )   ,
(   182 ,   "Russian Federation (the)"    )   ,
(   183 ,   "Rwanda"  )   ,
(   184 ,   "Réunion"    )   ,
(   185 ,   "Saint Barthélemy"   )   ,
(   186 ,   "Saint Helena Ascension and Tristan da Cunha" )   ,
(   187 ,   "Saint Kitts and Nevis"   )   ,
(   188 ,   "Saint Lucia" )   ,
(   189 ,   "Saint Martin (French part)"  )   ,
(   190 ,   "Saint Pierre and Miquelon"   )   ,
(   191 ,   "Saint Vincent and the Grenadines"    )   ,
(   192 ,   "Samoa"   )   ,
(   193 ,   "San Marino"  )   ,
(   194 ,   "Sao Tome and Principe"   )   ,
(   195 ,   "Saudi Arabia"    )   ,
(   196 ,   "Senegal" )   ,
(   197 ,   "Serbia"  )   ,
(   198 ,   "Seychelles"  )   ,
(   199 ,   "Sierra Leone"    )   ,
(   200 ,   "Singapore"   )   ,
(   201 ,   "Sint Maarten (Dutch part)"   )   ,
(   202 ,   "Slovakia"    )   ,
(   203 ,   "Slovenia"    )   ,
(   204 ,   "Solomon Islands" )   ,
(   205 ,   "Somalia" )   ,
(   206 ,   "South Africa"    )   ,
(   207 ,   "South Georgia and the South Sandwich Islands"    )   ,
(   208 ,   "South Sudan" )   ,
(   209 ,   "Spain"   )   ,
(   210 ,   "Sri Lanka"   )   ,
(   211 ,   "Sudan (the)" )   ,
(   212 ,   "Suriname"    )   ,
(   213 ,   "Svalbard and Jan Mayen"  )   ,
(   214 ,   "Sweden"  )   ,
(   215 ,   "Switzerland" )   ,
(   216 ,   "Syrian Arab Republic"    )   ,
(   217 ,   "Taiwan"  )   ,
(   218 ,   "Tajikistan"  )   ,
(   219 ,   "Tanzania United Republic of" )   ,
(   220 ,   "Thailand"    )   ,
(   221 ,   "Timor-Leste" )   ,
(   222 ,   "Togo"    )   ,
(   223 ,   "Tokelau" )   ,
(   224 ,   "Tonga"   )   ,
(   225 ,   "Trinidad and Tobago" )   ,
(   226 ,   "Tunisia" )   ,
(   227 ,   "Turkey"  )   ,
(   228 ,   "Turkmenistan"    )   ,
(   229 ,   "Turks and Caicos Islands (the)"  )   ,
(   230 ,   "Tuvalu"  )   ,
(   231 ,   "Uganda"  )   ,
(   232 ,   "Ukraine" )   ,
(   233 ,   "United Arab Emirates (the)"  )   ,
(   234 ,   "United Kingdom of Great Britain and Northern Ireland (the)"  )   ,
(   235 ,   "United States Minor Outlying Islands (the)"  )   ,
(   236 ,   "United States of America (the)"  )   ,
(   237 ,   "Uruguay" )   ,
(   238 ,   "Uzbekistan"  )   ,
(   239 ,   "Vanuatu" )   ,
(   240 ,   "Venezuela (Bolivarian Republic of)"  )   ,
(   241 ,   "Viet Nam"    )   ,
(   242 ,   "Virgin Islands (British)"    )   ,
(   243 ,   "Virgin Islands (U.S.)"   )   ,
(   244 ,   "Wallis and Futuna"   )   ,
(   245 ,   "Western Sahara"  )   ,
(   246 ,   "Yemen"   )   ,
(   247 ,   "Zambia"  )   ,
(   248 ,   "Zimbabwe"    )   ,
(   249 ,   "Åland Islands"  );


INSERT INTO `c1021g1_sprint_1`.`customer` (`id`, `address_customer`, `birthday_customer`, `del_flag_customer`, `email_customer`, `gender_customer`, `id_card_customer`, `image_customer`, `name_customer`, `phone_customer`, `point_customer`, `id_country`, `id_customer_type`) VALUES 
('1', 'Đà Nẵng', '1990-12-04', b'1', 'Nguyen@gmail.com', b'1', '1311221333', 'https://encrypted-tbn0.gstatic.com/images?q=tbn:ANd9GcSa4FYDcExqiB-NZf6KGOsoYg2L8rUhQVVO0w&usqp=CAU', 'Nguyễn Văn Nguyên', '0903111222', '100','241', '4'),
('2', 'Đà Nẵng', '1990-12-04', b'1', 'Nguyen@gmail.com', b'1', '1311221333', 'https://encrypted-tbn0.gstatic.com/images?q=tbn:ANd9GcSa4FYDcExqiB-NZf6KGOsoYg2L8rUhQVVO0w&usqp=CAU', 'Nguyễn Văn Nguyên', '0903111222', '100','241', '4'),
('3', 'Đà Nẵng', '1990-12-04', b'1', 'Nguyen@gmail.com', b'1', '1311221333', 'https://encrypted-tbn0.gstatic.com/images?q=tbn:ANd9GcSa4FYDcExqiB-NZf6KGOsoYg2L8rUhQVVO0w&usqp=CAU', 'Nguyễn Văn Nguyên', '0903111222', '100','241', '4'),
('4', 'Đà Nẵng', '1990-12-04', b'1', 'Nguyen@gmail.com', b'1', '1311221333', 'https://encrypted-tbn0.gstatic.com/images?q=tbn:ANd9GcSa4FYDcExqiB-NZf6KGOsoYg2L8rUhQVVO0w&usqp=CAU', 'Nguyễn Văn Nguyên', '0903111222', '100','241', '4'),
('5', 'Đà Nẵng', '1990-12-04', b'1', 'Nguyen@gmail.com', b'1', '1311221333', 'https://encrypted-tbn0.gstatic.com/images?q=tbn:ANd9GcSa4FYDcExqiB-NZf6KGOsoYg2L8rUhQVVO0w&usqp=CAU', 'Nguyễn Văn Nguyên', '0903111222', '100','241', '4');


INSERT INTO airline_type(name_airline, del_flag_airline, price_airline, image_airline)
VALUES ('VietJetAir',1, 1500000, 'https://static.wixstatic.com/media/9d8ed5_ed0de8277dc44e17a5cb83189ed732f1~mv2.png/v1/fill/w_1339,h_837,al_c/9d8ed5_ed0de8277dc44e17a5cb83189ed732f1~mv2.png'),
('Vietnam Airline',1, 2000000, 'https://static.wixstatic.com/media/9d8ed5_d3acee0b07b942d39681171e31a4ba4d~mv2.png/v1/fill/w_1339,h_838,al_c/9d8ed5_d3acee0b07b942d39681171e31a4ba4d~mv2.png'),
('Bamboo Airways',1, 1300000, 'https://static.wixstatic.com/media/9d8ed5_754d973e06ec48588435b26e77584557~mv2.png/v1/fill/w_1340,h_838,al_c/9d8ed5_754d973e06ec48588435b26e77584557~mv2.png'),
('Jestar Pacific',1, 1300000, 'https://upload.wikimedia.org/wikipedia/commons/thumb/8/8f/Jetstar_logo.svg/2560px-Jetstar_logo.svg.png');
insert into flight values
(1, "VN238", "2022-05-13 15:00:00", "2022-05-13 17:30:00", b'1', "Hồ Chí Minh (SGN)", "Hà Nội (HAN)", 2),
(2, "VN238", "2022-05-13 07:00:00", "2022-05-13 09:30:00", b'1', "Hà Nội (HAN)", "Hồ Chí Minh (SGN)", 2),
(3, "VN111", "2022-05-14 12:45:00", "2022-05-14 14:15:00", b'1', "Hồ Chí Minh (SGN)", "Hà Nội (HAN)", 2),
(4, "VN111", "2022-05-14 17:25:00", "2022-05-14 19:05:00", b'1', "Hà Nội (HAN)", "Hồ Chí Minh (SGN)", 2),
(5, "VN117", "2022-05-15 19:35:00", "2022-05-15 19:05:00", b'1', "Hà Nội (HAN)", "Đà Nẵng (DAD)", 2),
(6, "VN117", "2022-05-15 17:25:00", "2022-05-15 19:05:00", b'1', "Đà Nẵng (DAD)", "Hà Nội (HAN)", 2),
(7, "VN993", "2022-05-16 05:25:00", "2022-05-16 07:05:00", b'1', "Hà Nội (HAN)", "Đà Nẵng (DAD)", 2),
(8, "VN993", "2022-05-16 14:25:00", "2022-05-16 16:05:00", b'1', "Đà Nẵng (DAD)", "Hà Nội (HAN)", 2),
(9, "VN995", "2022-05-17 21:40:00", "2022-05-17 22:45:00", b'1', "Đà Nẵng (DAD)", "Hồ Chí Minh (SGN)", 2),
(10, "VN995", "2022-05-17 16:25:00", "2022-05-17 17:05:00", b'1', "Hồ Chí Minh (SGN)", "Đà Nẵng (DAD)", 2),
(11, "VN334", "2022-05-18 17:35:00", "2022-05-18 18:05:00", b'1', "Nha Trang (NHA)", "Đà Nẵng (DAD)", 2),
(12, "VN334", "2022-05-18 09:45:00", "2022-05-18 11:05:00", b'1', "Đà Nẵng (DAD)", "Nha Trang (NHA)", 2),
(13, "VN444", "2022-05-19 16:30:00", "2022-05-19 18:00:00", b'1', "Đà Nẵng (DAD)", "Nha Trang (NHA)", 2),
(14, "VN444", "2022-05-19 17:25:00", "2022-05-19 19:05:00", b'1', "Nha Trang (NHA)", "Đà Nẵng (DAD)", 2),
(15, "VN678", "2022-05-20 09:15:00", "2022-05-20 11:05:00", b'1', "Đà Nẵng (DAD)", "Hải Phòng (HPH)", 2),
(16, "VN678", "2022-05-20 12:45:00", "2022-05-20 14:05:00", b'1', "Hải Phòng (HPH)", "Đà Nẵng (DAD)", 2),
(17, "VN987", "2022-05-21 21:40:00", "2022-05-21 23:05:00", b'1', "Phú Quốc (PQC)", "Đà Nẵng (DAD)", 2),
(18, "VN987", "2022-05-21 17:55:00", "2022-05-21 19:05:00", b'1', "Đà Nẵng (DAD)", "Phú Quốc (PQC)", 2),
(19, "VN888", "2022-05-22 08:15:00", "2022-05-22 10:05:00", b'1', "Huế (HUI)", "Hà Nội (HAN)", 2),
(20, "VN888", "2022-05-22 14:25:00", "2022-05-22 16:05:00", b'1', "Hà Nội (HAN)", "Huế (HUI)", 2),
(21, "JS238", "2022-05-17 14:25:00", "2022-05-17 16:05:00", b'1', "Hồ Chí Minh (SGN)", "Hà Nội (HAN)", 4),
(22, "JS238", "2022-05-18 10:25:00", "2022-05-18 12:05:00", b'1', "Hà Nội (HAN)", "Hồ Chí Minh (SGN)", 4),
(23, "JS111", "2022-05-09 18:35:00", "2022-05-09 20:05:00", b'1', "Hồ Chí Minh (SGN)", "Hà Nội (HAN)", 4),
(24, "JS111", "2022-05-23 08:35:00", "2022-05-23 10:45:00", b'1', "Hà Nội (HAN)", "Hồ Chí Minh (SGN)", 4),
(25, "JS117", "2022-05-24 15:35:00", "2022-05-24 16:55:00", b'1', "Hà Nội (HAN)", "Đà Nẵng (DAD)", 4),
(26, "JS117", "2022-05-25 20:10:00", "2022-05-25 21:35:00", b'1', "Đà Nẵng (DAD)", "Hà Nội (HAN)", 4),
(27, "JS993", "2022-05-25 07:10:00", "2022-05-25 08:35:00", b'1', "Hà Nội (HAN)", "Đà Nẵng (DAD)", 4),
(28, "JS993", "2022-05-26 15:45:00", "2022-05-26 16:35:00", b'1', "Đà Nẵng (DAD)", "Hà Nội (HAN)", 4),
(29, "JS995", "2022-05-26 12:40:00", "2022-05-26 14:05:00", b'1', "Đà Nẵng (DAD)", "Hồ Chí Minh (SGN)", 4),
(30, "JS995", "2022-05-27 06:35:00", "2022-05-27 08:05:00", b'1', "Hồ Chí Minh (SGN)", "Đà Nẵng (DAD)", 4),
(31, "JS334", "2022-05-27 11:30:00", "2022-05-27 13:00:00", b'1', "Nha Trang (NHA)", "Đà Nẵng (DAD)", 4),
(32, "JS334", "2022-05-28 20:10:00", "2022-05-28 21:35:00", b'1', "Đà Nẵng (DAD)", "Nha Trang (NHA)", 4),
(33, "JS444", "2022-05-28 10:35:00", "2022-05-28 11:45:00", b'1', "Đà Nẵng (DAD)", "Nha Trang (NHA)", 4),
(34, "JS444", "2022-05-29 22:50:00", "2022-05-29 23:55:00", b'1', "Nha Trang (NHA)", "Đà Nẵng (DAD)", 4),
(35, "JS678", "2022-05-29 15:40:00", "2022-05-29 16:55:00", b'1', "Đà Nẵng (DAD)", "Hải Phòng (HPH)", 4),
(36, "JS678", "2022-05-30 17:50:00", "2022-05-30 19:05:00", b'1', "Hải Phòng (HPH)", "Đà Nẵng (DAD)", 4),
(37, "JS987", "2022-05-30 21:30:00", "2022-05-30 22:35:00", b'1', "Phú Quốc (PQC)", "Đà Nẵng (DAD)", 4),
(38, "JS987", "2022-05-31 05:50:00", "2022-05-31 07:05:00", b'1', "Đà Nẵng (DAD)", "Phú Quốc (PQC)", 4),
(39, "JS888", "2022-05-31 13:45:00", "2022-05-31 14:55:00", b'1', "Huế (HUI)", "Hà Nội (HAN)", 4),
(40, "JS888", "2022-05-31 17:00:00", "2022-05-31 18:35:00", b'1', "Hà Nội (HAN)", "Huế (HUI)", 4),
(41, "VJ238", "2022-05-01 17:00:00", "2022-05-01 19:30:00", b'1', "Hồ Chí Minh (SGN)", "Hà Nội (HAN)", 1),
(42, "VJ238", "2022-05-01 21:00:00", "2022-05-01 23:30:00", b'1', "Hà Nội (HAN)", "Hồ Chí Minh (SGN)", 1),
(43, "VJ111", "2022-05-02 7:00:00", "2022-05-02 9:30:00", b'1', "Hồ Chí Minh (SGN)", "Hà Nội (HAN)", 1),
(44, "VJ111", "2022-05-02 10:00:00", "2022-05-02 12:30:00", b'1', "Hà Nội (HAN)", "Hồ Chí Minh (SGN)", 1),
(45, "VJ117", "2022-05-02 10:00:00", "2022-05-02 11:30:00", b'1', "Hà Nội (HAN)", "Đà Nẵng (DAD)", 1),
(46, "VJ117", "2022-05-02 15:00:00", "2022-05-02 16:30:00", b'1', "Đà Nẵng (DAD)", "Hà Nội (HAN)", 1),
(47, "VJ993", "2022-05-03 06:00:00", "2022-05-03 07:30:00", b'1', "Hà Nội (HAN)", "Đà Nẵng (DAD)", 1),
(48, "VJ993", "2022-05-03 13:00:00", "2022-05-03 14:30:00", b'1', "Đà Nẵng (DAD)", "Hà Nội (HAN)", 1),
(49, "VJ995", "2022-05-04 08:45:00", "2022-05-04 10:15:00", b'1', "Đà Nẵng (DAD)", "Hồ Chí Minh (SGN)", 1),
(50, "VJ995", "2022-05-04 15:15:00", "2022-05-04 17:00:00", b'1', "Hồ Chí Minh (SGN)", "Đà Nẵng (DAD)", 1),
(51, "VJ334", "2022-05-05 14:20:00", "2022-05-05 15:35:00", b'1', "Nha Trang (NHA)", "Đà Nẵng (DAD)", 1),
(52, "VJ334", "2022-05-05 08:50:00", "2022-05-05 10:15:00", b'1', "Đà Nẵng (DAD)", "Nha Trang (NHA)", 1),
(53, "VJ444", "2022-05-06 06:20:00", "2022-05-06 07:35:00", b'1', "Đà Nẵng (DAD)", "Nha Trang (NHA)", 1),
(54, "VJ444", "2022-05-06 12:35:00", "2022-05-06 13:50:00", b'1', "Nha Trang (NHA)", "Đà Nẵng (DAD)", 1),
(55, "VJ678", "2022-05-07 19:00:00", "2022-05-07 21:30:00", b'1', "Đà Nẵng (DAD)", "Hải Phòng (HPH)", 1),
(56, "VJ678", "2022-05-08 10:00:00", "2022-05-07 12:35:00", b'1', "Hải Phòng (HPH)", "Đà Nẵng (DAD)", 1),
(57, "VJ987", "2022-05-09 15:25:00", "2022-05-09 17:35:00", b'1', "Phú Quốc (PQC)", "Đà Nẵng (DAD)", 1),
(58, "VJ987", "2022-05-10 12:25:00", "2022-05-09 14:35:00", b'1', "Đà Nẵng (DAD)", "Phú Quốc (PQC)", 1),
(59, "VJ888", "2022-05-11 21:25:00", "2022-05-10 23:35:00", b'1', "Huế (HUI)", "Hà Nội (HAN)", 1),
(60, "VJ888", "2022-05-12 16:45:00", "2022-05-12 18:25:00", b'1', "Hà Nội (HAN)", "Huế (HUI)", 1),
(61, 'BB001', '2022-04-30 09:00:00', '2022-04-30 10:15:00', b'1', 'Hà Nội (HAN)', 'Đà Nẵng (DAD)', '3'),
(62, 'BB002', '2022-04-30 09:00:00', '2022-04-30 10:15:00', b'1', 'Hà Nội (HAN)', 'Đà Nẵng (DAD)', '3'),
(63, 'BB003', '2022-04-30 09:00:00', '2022-04-30 10:15:00', b'1', 'Hà Nội (HAN)', 'Đà Nẵng (DAD)', '3'),
(64, 'BB004', '2022-04-30 09:30:00', '2022-04-30 11:15:00', b'1', 'Hà Nội (HAN)', 'Hồ Chí Minh (SGN)', '3'),
(65, 'BB005', '2022-05-01 17:30:00', '2022-05-01 19:40:00', b'1', 'Hà Nội (HAN)', 'Cần Thơ (VCA)', '3'),
(66, 'BB006', '2022-05-01 09:30:00', '2022-05-01 11:40:00', b'1', 'Hà Nội (HAN)', 'Cần Thơ (VCA)', '3'),
(67, 'BB007', '2022-05-01 07:30:00', '2022-05-01 08:40:00', b'1', 'Đà Nẵng (DAD)', 'Hà Nội (HAN)', '3'),
(68, 'BB008', '2022-05-02 06:30:00', '2022-05-02 09:00:00', b'1', 'Hồ Chí Minh (SGN)', 'Hà Nội (HAN)', '3'),
(69, 'BB009', '2022-05-02 10:30:00', '2022-05-02 12:30:00', b'1', 'Cần Thơ (VCA)', 'Hà Nội (HAN)', '3'),
(70, 'BB010', '2022-05-02 16:30:00', '2022-05-02 18:00:00', b'1', 'Đà Nẵng (DAD)', 'Cần Thơ (VCA)', '3'),
(71, 'BB011', '2022-05-03 16:30:00', '2022-05-03 18:00:00', b'1', 'Hà Nội (HAN)', 'Đà Nẵng (DAD)', '3'),
(72, 'BB012', '2022-05-03 16:30:00', '2022-05-03 18:00:00', b'1', 'Hà Nội (HAN)', 'Cần Thơ (VCA)', '3'),
(73, 'BB013', '2022-05-03 16:30:00', '2022-05-03 18:00:00', b'1', 'Hà Nội (HAN)', 'Cần Thơ (VCA)', '3'),
(74, 'BB014', '2022-05-04 16:30:00', '2022-05-04 18:00:00', b'1', 'Đà Nẵng (DAD)', 'Hà Nội (HAN)', '3'),
(75, 'BB015', '2022-05-04 16:30:00', '2022-05-04 18:00:00', b'1', 'Đà Nẵng (DAD)', 'Hà Nội (HAN)', '3'),
(76, 'BB016', '2022-05-04 16:30:00', '2022-05-04 18:00:00', b'1', 'Đà Nẵng (DAD)', 'Hồ Chí Minh (SGN)', '3'),
(77, 'BB017', '2022-05-04 16:30:00', '2022-05-04 18:00:00', b'1', 'Đà Nẵng (DAD)', 'Hồ Chí Minh (SGN)', '3'),
(78, 'BB018', '2022-05-04 16:30:00', '2022-05-04 18:00:00', b'1', 'Đà Nẵng (DAD)', 'Cần Thơ (VCA)', '3'),
(79, 'BB019', '2022-05-05 16:30:00', '2022-05-05 18:00:00', b'1', 'Hà Nội (HAN)', 'Đà Nẵng (DAD)', '3'),
(80, 'BB020', '2022-05-05 16:30:00', '2022-05-05 18:00:00', b'1', 'Đà Nẵng (DAD)', 'Hà Nội (HAN)', '3');

insert employee_type value 
(1,"Quản lý"),
(2,"Nhân viên"),
(3,"Culi");

INSERT INTO `c1021g1_sprint_1`.`employee` (`id`, `address_employee`, `birthday_employee`, `code_employee`, `del_flag_employee`, `email_employee`, `gender_employee`, `name_employee`, `phone_employee`, `id_employee_type`) VALUES ('1', 'Đà Nẵng', '1995-01-01', 'NV-0001', 1, 'hdqphu1301@gmail.com', 1, 'Hoàng Đặng Quốc Phú', '0909123123', '1');
INSERT INTO `c1021g1_sprint_1`.`employee` (`id`, `address_employee`, `birthday_employee`, `code_employee`, `del_flag_employee`, `email_employee`, `gender_employee`, `name_employee`, `phone_employee`, `id_employee_type`) VALUES ('2', 'Huế', '1999-01-01', 'NV-0002', 1, 'dcmson@gmail.com', 1, 'Dương Công Minh Sơn', '0913456678', '2');
INSERT INTO `c1021g1_sprint_1`.`employee` (`id`, `address_employee`, `birthday_employee`, `code_employee`, `del_flag_employee`, `email_employee`, `gender_employee`, `name_employee`, `phone_employee`, `id_employee_type`) VALUES ('3', 'Đà Nẵng', '1998-01-01', 'NV-0003', 1, 'pdtuan@gmail.com', 1, 'Phạm Duy Tuân', '0912678345', '2');
INSERT INTO `c1021g1_sprint_1`.`employee` (`id`, `address_employee`, `birthday_employee`, `code_employee`, `del_flag_employee`, `email_employee`, `gender_employee`, `name_employee`, `phone_employee`, `id_employee_type`) VALUES ('4', 'Quảng Trị', '1994-01-01', 'NV-0004', 1, 'hptinh@gmail.com', 1, 'Hoàng Phước Tịnh', '0914123123', '2');
INSERT INTO `c1021g1_sprint_1`.`employee` (`id`, `address_employee`, `birthday_employee`, `code_employee`, `del_flag_employee`, `email_employee`, `gender_employee`, `name_employee`, `phone_employee`, `id_employee_type`) VALUES ('5', 'Quảng Bình', '1992-01-01', 'NV-0005', 1, 'nvndat@gmail.com', 1, 'Nguyễn Văn Ngọc Đạt', '0915123123', '2');
INSERT INTO `c1021g1_sprint_1`.`employee` (`id`, `address_employee`, `birthday_employee`, `code_employee`, `del_flag_employee`, `email_employee`, `gender_employee`, `name_employee`, `phone_employee`, `id_employee_type`) VALUES ('6', 'Quảng Nam', '1991-01-01', 'NV-0006', 1, 'tatrong@gmail.com', 1, 'Trần Anh Trọng', '0916123123', '2');
INSERT INTO `c1021g1_sprint_1`.`employee` (`id`, `address_employee`, `birthday_employee`, `code_employee`, `del_flag_employee`, `email_employee`, `gender_employee`, `name_employee`, `phone_employee`, `id_employee_type`) VALUES ('7', 'Bình Định', '1998-01-01', 'NV-0007', 1, 'hnhieu@gmail.com', 1, 'Hồ Nhật Hiếu', '0917123123', '2');
INSERT INTO `c1021g1_sprint_1`.`employee` (`id`, `address_employee`, `birthday_employee`, `code_employee`, `del_flag_employee`, `email_employee`, `gender_employee`, `name_employee`, `phone_employee`, `id_employee_type`) VALUES ('8', 'Hà Nội', '2000-01-01', 'NV-0008', 1, 'tmchien@gmail.com', 1, 'Trần Minh Chiến', '0918123123', '2');
INSERT INTO `c1021g1_sprint_1`.`employee` (`id`, `address_employee`, `birthday_employee`, `code_employee`, `del_flag_employee`, `email_employee`, `gender_employee`, `name_employee`, `phone_employee`, `id_employee_type`) VALUES ('9', 'Cao Bằng', '1994-01-01', 'NV-0009', 1, 'ddlinh@gmail.com', 1, 'Đặng Duy Linh', '0919123123', '2');
INSERT INTO `c1021g1_sprint_1`.`employee` (`id`, `address_employee`, `birthday_employee`, `code_employee`, `del_flag_employee`, `email_employee`, `gender_employee`, `name_employee`, `phone_employee`, `id_employee_type`) VALUES ('10', 'Lào Cai', '1991-01-01', 'NV-0010', 1, 'nahoang@gmail.com', 1, 'Nguyễn Anh Hoàng', '0921123123', '2');
INSERT INTO `c1021g1_sprint_1`.`employee` (`id`, `address_employee`, `birthday_employee`, `code_employee`, `del_flag_employee`, `email_employee`, `gender_employee`, `name_employee`, `phone_employee`, `id_employee_type`) VALUES ('11', 'Nghệ An', '1994-01-01', 'NV-0011', 1, 'nhson@gmail.com', 1, 'Nguyễn Hùng Sơn', '0922123123', '2');
INSERT INTO `c1021g1_sprint_1`.`employee` (`id`, `address_employee`, `birthday_employee`, `code_employee`, `del_flag_employee`, `email_employee`, `gender_employee`, `name_employee`, `phone_employee`, `id_employee_type`) VALUES ('12', 'Thanh Hoá', '1993-01-01', 'NV-0012', 1, 'ndbao@gmail.com', 1, 'Ngô Duy Bảo', '0923456789', '2');
INSERT INTO `c1021g1_sprint_1`.`employee` (`id`, `address_employee`, `birthday_employee`, `code_employee`, `del_flag_employee`, `email_employee`, `gender_employee`, `name_employee`, `phone_employee`, `id_employee_type`) VALUES ('13', 'Quy Nhơn', '1997-01-01', 'NV-0013', 1, 'dbxthang@gmail.com', 1, 'Đào Bùi Xuân Thắng', '0924567890', '2');
INSERT INTO `c1021g1_sprint_1`.`employee` (`id`, `address_employee`, `birthday_employee`, `code_employee`, `del_flag_employee`, `email_employee`, `gender_employee`, `name_employee`, `phone_employee`, `id_employee_type`) VALUES ('14', 'Cà Mau', '1992-01-01', 'NV-0014', 1, 'hdtrong@gmail.com', 1, 'Huỳnh Đức Trọng', '0925678901', '2');
INSERT INTO `c1021g1_sprint_1`.`employee` (`id`, `address_employee`, `birthday_employee`, `code_employee`, `del_flag_employee`, `email_employee`, `gender_employee`, `name_employee`, `phone_employee`, `id_employee_type`) VALUES ('15', 'Đà Nẵng', '1999-01-01', 'NV-0015', 1, 'ltlong@gmail.com', 1, 'Lê Thành Long', '0926789012', '2');
INSERT INTO `c1021g1_sprint_1`.`employee` (`id`, `address_employee`, `birthday_employee`, `code_employee`, `del_flag_employee`, `email_employee`, `gender_employee`, `name_employee`, `phone_employee`, `id_employee_type`) VALUES ('16', 'Sài Gòn', '1992-01-01', 'NV-0016', 1, 'nnltien@gmail.com', 1, 'Nguyễn Ngọc Long Tiên', '0927890123', '2');
INSERT INTO `c1021g1_sprint_1`.`employee` (`id`, `address_employee`, `birthday_employee`, `code_employee`, `del_flag_employee`, `email_employee`, `gender_employee`, `name_employee`, `phone_employee`, `id_employee_type`) VALUES ('17', 'Quảng Trị', '1995-01-01', 'NV-0017', 1, 'nttam@gmail.com', 1, 'Nguyễn Thanh Tâm', '0928901234', '2');
INSERT INTO `c1021g1_sprint_1`.`employee` (`id`, `address_employee`, `birthday_employee`, `code_employee`, `del_flag_employee`, `email_employee`, `gender_employee`, `name_employee`, `phone_employee`, `id_employee_type`) VALUES ('18', 'Quảng Nam', '1990-01-01', 'NV-0018', 1, 'pdthuan@gmail.com', 1, 'Phạm Duy Thuận', '9029012345', '2');
INSERT INTO `c1021g1_sprint_1`.`employee` (`id`, `address_employee`, `birthday_employee`, `code_employee`, `del_flag_employee`, `email_employee`, `gender_employee`, `name_employee`, `phone_employee`, `id_employee_type`) VALUES ('19', 'Quảng Ninh', '1992-01-01', 'NV-0019', 1, 'dhhoang@gmail.com', 1, 'Đặng Huy Hoàng', '0931234567', '2');
INSERT INTO `c1021g1_sprint_1`.`employee` (`id`, `address_employee`, `birthday_employee`, `code_employee`, `del_flag_employee`, `email_employee`, `gender_employee`, `name_employee`, `phone_employee`, `id_employee_type`) VALUES ('20', 'Huế', '1996-01-01', 'NV-0020', 1, 'tthai@gmail.com', 1, 'Trương Tấn Hải', '0932345678', '2');

INSERT INTO `c1021g1_sprint_1`.`ticket` (`id`, `birthday_ticket`, `buyer_ticket`, `code_ticket`,`date_ticket`, `del_flag_ticket`, `email_ticket`, `gender_ticket`,`id_card`, `phone_ticket`, `point_ticket`, `price_ticket`, `status_ticket`, `id_customer`, `id_employee`, `id_seat`) VALUES 
('1', '1994-02-02', 'Nguyễn Văn Thành', 'NVM-111','1994-02-02', b'1', 'hung@gmail.com', b'1','5646542312', '087974654', '12', '200000', b'0', '1', '2', '1'),
('2', '1994-02-02', 'Nguyễn Văn Thành', 'NVM-112','1994-02-02', b'1', 'hung@gmail.com', b'1','5646542312', '087974654', '12', '200000', b'0', '1', '2', '2'),
('3', '1994-02-02', 'Nguyễn Văn Thành', 'NVM-113','1994-02-02', b'1', 'hung@gmail.com', b'1','5646542312', '087974654', '12', '200000', b'0', '1', '2', '3'),
('4', '1994-02-02', 'Nguyễn Văn Thành', 'NVM-114','1994-02-02', b'1', 'hung@gmail.com', b'1','5646542312', '087974654', '12', '200000', b'0', '1', '2', '4'),
('5', '1994-02-02', 'Nguyễn Văn Thành', 'NVM-115','1994-02-02', b'1', 'hung@gmail.com', b'1','5646542312', '087974654', '12', '200000', b'0', '1', '2', '5'),
('6', '1994-02-02', 'Nguyễn Văn Thành', 'NVM-116','1994-02-02', b'1', 'hung@gmail.com', b'1','5646542312', '087974654', '12', '200000', b'0', '1', '2', '6');

INSERT INTO `c1021g1_sprint_1`.`ticket_history` (`id`, `birthday_ticket`, `buyer_ticket`, `code_ticket`,`date_ticket`, `del_flag_ticket`, `email_ticket`, `gender_ticket`,`id_card`, `phone_ticket`, `point_ticket`, `price_ticket`, `status_ticket`, `id_customer`, `id_employee`, `id_seat`) VALUES 
('1', '1994-02-02', 'Nguyễn Văn Thành', 'NVM-111','1994-02-02', b'1', 'hung@gmail.com', b'1','5646542312', '087974654', '12', '200000', b'0', '1', '2', '1'),
('2', '1994-02-02', 'Nguyễn Văn Thành', 'NVM-112','1994-02-02', b'1', 'hung@gmail.com', b'1','5646542312', '087974654', '12', '200000', b'0', '1', '2', '2'),
('3', '1994-02-02', 'Nguyễn Văn Thành', 'NVM-113','1994-02-02', b'1', 'hung@gmail.com', b'1','5646542312', '087974654', '12', '200000', b'0', '1', '2', '3'),
('4', '1994-02-02', 'Nguyễn Văn Thành', 'NVM-114','1994-02-02', b'1', 'hung@gmail.com', b'1','5646542312', '087974654', '12', '200000', b'0', '1', '2', '4'),
('5', '1994-02-02', 'Nguyễn Văn Thành', 'NVM-115','1994-02-02', b'1', 'hung@gmail.com', b'1','5646542312', '087974654', '12', '200000', b'0', '1', '2', '5'),
('6', '1994-02-02', 'Nguyễn Văn Thành', 'NVM-116','1994-02-02', b'1', 'hung@gmail.com', b'1','5646542312', '087974654', '12', '200000', b'0', '1', '2', '6');


insert into seat_type(id,name_seat_type,price_seat_type)
values
(1,"phổ thông","300000"),
(2,"vip","600000");

# nhập dữ liệu seat
insert into seat(seat.code_seat,seat.position_seat,seat.del_flag_seat,seat.status_seat,seat.id_flight,seat.id_seat_type)values("SE-001",1,1,0,1,2);
insert into seat(seat.code_seat,seat.position_seat,seat.del_flag_seat,seat.status_seat,seat.id_flight,seat.id_seat_type)values("SE-002",2,1,0,1,2);
insert into seat(seat.code_seat,seat.position_seat,seat.del_flag_seat,seat.status_seat,seat.id_flight,seat.id_seat_type)values("SE-003",3,1,0,1,2);
insert into seat(seat.code_seat,seat.position_seat,seat.del_flag_seat,seat.status_seat,seat.id_flight,seat.id_seat_type)values("SE-004",4,1,0,1,2);
insert into seat(seat.code_seat,seat.position_seat,seat.del_flag_seat,seat.status_seat,seat.id_flight,seat.id_seat_type)values("SE-005",5,1,0,1,2);
insert into seat(seat.code_seat,seat.position_seat,seat.del_flag_seat,seat.status_seat,seat.id_flight,seat.id_seat_type)values("SE-020",20,1,0,1,1);
insert into seat(seat.code_seat,seat.position_seat,seat.del_flag_seat,seat.status_seat,seat.id_flight,seat.id_seat_type)values("SE-021",21,1,0,1,1);
insert into seat(seat.code_seat,seat.position_seat,seat.del_flag_seat,seat.status_seat,seat.id_flight,seat.id_seat_type)values("SE-022",22,1,0,1,1);
insert into seat(seat.code_seat,seat.position_seat,seat.del_flag_seat,seat.status_seat,seat.id_flight,seat.id_seat_type)values("SE-023",23,1,0,1,1);

#Lấy thông tin ticket



        